CountyFIPS,City,County,StateAbbr,Latitude,Longitude
1003,Fairhope,Baldwin,AL,30.69348194122825,-87.73441041000001
1033,Muscle Shoals,Colbert,AL,34.70084917,-87.80480288
1049,Fort Payne,DeKalb,AL,34.46055865,-85.80399501182089
1051,Wetumpka,Elmore,AL,32.5971488445532,-86.14558436182546
1055,Gadsden,Etowah,AL,34.046431325,-86.03459743157086
1069,Dothan,Houston,AL,31.15350797,-85.30249702
1073,Birmingham,Jefferson,AL,33.554000924235496,-86.896584101377
1089,Huntsville,Madison,AL,34.76362328878895,-86.5508863
1097,Mobile,Mobile,AL,30.7318708968534,-88.201488648505
1101,Montgomery,Montgomery,AL,32.21161142,-86.2060805666903
1103,Decatur,Morgan,AL,34.454027106224004,-86.8497158756488
1113,Phenix City,Russell,AL,32.289117755,-85.1858189906176
1117,Pelham,Shelby,AL,33.263632505000004,-86.669567715
1125,Tuscaloosa,Tuscaloosa,AL,33.28991493,-87.523928845
2020,Anchorage,Anchorage,AK,61.162366335341,-149.19921825
2050,Bethel,Bethel,AK,60.91560276,-159.8247503
2090,Fairbanks,Fairbanks North Star,AK,64.74178764072035,-146.5552862
2110,Juneau,Juneau,AK,58.41102246923635,-134.1784454
2170,Palmer,Matanuska-Susitna,AK,62.29052471693496,-149.5371285
4001,Springerville,Apache,AZ,35.39024755,-109.4895011
4003,Douglas,Cochise,AZ,31.8597937761784,-109.76328185
4005,Flagstaff,Coconino,AZ,35.83416552,-111.7721584
4007,Miami,Gila,AZ,33.7947911057757,-110.8119830910395
4012,Parker,La Paz,AZ,33.728322610000006,-114.010171735365
4013,Phoenix,Maricopa,AZ,33.346955155,-112.4951657072625
4015,Bullhead City,Mohave,AZ,35.711089488277096,-113.7538941844055
4017,Holbrook,Navajo,AZ,35.395230435,-110.321222936537
4019,Tucson,Pima,AZ,32.11278086753485,-111.7867939
4021,San Manuel,Pinal,AZ,32.9115177180787,-111.3555664123605
4023,Nogales,Santa Cruz,AZ,31.525850775,-110.845900017636
4025,Prescott,Yavapai,AZ,34.615503895,-112.5659286
4027,Yuma,Yuma,AZ,32.77169258614225,-113.908451192697
5019,Arkadelphia,Clark,AR,34.052206755,-93.17646967698523
5035,West Memphis,Crittenden,AR,35.20148421756885,-90.30667058245116
5113,Mena,Polk,AR,34.48842571,-94.22955256966137
5119,Little Rock,Pulaski,AR,34.7701750226007,-92.31247541709246
5139,El Dorado,Union,AR,33.17138124,-92.59714252
5143,Fayetteville,Washington,AR,35.97840957,-94.21655423
6001,Oakland,Alameda,CA,37.6467348212652,-121.9009038
6005,Jackson,Amador,CA,38.444918305,-120.652309446267
6007,Chico,Butte,CA,39.6658578964136,-121.60218014612
6009,San Andreas,Calaveras,CA,38.19769241,-120.5540771574075
6011,Colusa,Colusa,CA,39.1777089339659,-122.2375629
6013,Richmond,Contra Costa,CA,37.91934002204791,-121.93968505
6015,Crescent City,Del Norte,CA,41.7465320806911,-123.9398713
6017,South Lake Tahoe,El Dorado,CA,38.782444235,-120.52967125
6019,Fresno,Fresno,CA,36.75959896,-119.6530385
6021,Willows,Glenn,CA,39.6004665203823,-122.3970663147035
6023,Eureka,Humboldt,CA,40.702931695,-123.90096285
6025,Brawley,Imperial,CA,33.04050195045055,-115.360244561851
6027,Bishop,Inyo,CA,36.536836805,-117.40766089064748
6029,Bakersfield,Kern,CA,35.34479008,-118.7297677431585
6031,Corcoran,Kings,CA,36.073858015268144,-119.8154987
6033,Lakeport,Lake,CA,39.09718379,-122.75008524956247
6037,Los Angeles,Los Angeles,CA,34.258769810000004,-118.2432766
6039,Madera,Madera,CA,37.2139974092268,-119.7562124305355
6041,Lagunitas-Forest Knolls,Marin,CA,38.06244027180405,-122.7351
6043,Yosemite National Park,Mariposa,CA,37.575852995000005,-119.91136245
6045,Ukiah,Mendocino,CA,39.43634954059915,-123.4171472
6047,Merced,Merced,CA,37.193359715,-120.720275991679
6051,Mammoth Lakes,Mono,CA,37.92750094948475,-118.8813043219345
6053,Salinas,Monterey,CA,36.2285689425284,-121.27744965
6055,Napa,Napa,CA,38.50718346,-122.32868395
6057,Grass Valley,Nevada,CA,39.299330335,-120.7699742
6059,Anaheim,Orange,CA,33.6892388232675,-117.76916888956752
6061,Tahoe City,Placer,CA,39.062667691253054,-120.720355650293
6063,Quincy,Plumas,CA,39.99816161,-120.8310089
6065,Banning,Riverside,CA,33.73673157,-115.998501895344
6067,Sacramento,Sacramento,CA,38.449438545,-121.34442425446
6069,Hollister,San Benito,CA,36.6085398558435,-121.0806825
6071,Upland,San Bernardino,CA,34.84922126,-116.1801243
6073,San Diego,San Diego,CA,33.0287498781679,-116.75574835
6075,San Francisco,San Francisco,CA,37.74196145109235,-122.7359552877005
6077,Stockton,San Joaquin,CA,37.934911725,-121.27202525
6079,Nipomo,San Luis Obispo,CA,35.387725974999995,-120.4268704
6081,San Carlos,San Mateo,CA,37.41893402166215,-122.3501511856565
6083,Santa Maria,Santa Barbara,CA,34.604041219964856,-120.02749815
6085,San Jose,Santa Clara,CA,37.22665086238845,-121.692395773196
6087,Scotts Valley,Santa Cruz,CA,37.0340860762282,-122.0045966566995
6089,Redding,Shasta,CA,40.7620749,-122.041901199696
6093,Weed,Siskiyou,CA,41.59035535099355,-122.5361692
6095,Vallejo,Solano,CA,38.26858153236575,-121.936187514326
6097,Santa Rosa,Sonoma,CA,38.526863195,-122.9068735
6099,Modesto,Stanislaus,CA,37.560726355,-121.00039255
6101,Yuba City,Sutter,CA,39.0353246804737,-121.6993006781545
6103,Red Bluff,Tehama,CA,40.1259353129413,-122.232860277677
6105,Weaverville,Trinity,CA,40.64881722,-123.114666
6107,Sequoia National Park,Tulare,CA,36.224723725,-118.790993511558
6109,Sonora,Tuolumne,CA,38.023857815,-119.9602191526255
6111,Ojai,Ventura,CA,34.40648156331865,-119.108997735069
6113,Davis,Yolo,CA,38.683062595,-121.90230105
8001,Commerce City,Adams,CO,39.87417321,-104.3349672
8005,Englewood,Arapahoe,CO,39.647105489883856,-104.33435745
8007,Pagosa Springs,Archuleta,CO,37.198029561015545,-107.0495385127515
8013,Boulder,Boulder,CO,40.09373852,-105.37788855
8019,Idaho Springs,Clear Creek,CO,39.68928874221275,-105.6578171
8029,Delta,Delta,CO,38.8615949,-107.8648924
8031,Denver,Denver,CO,39.76160046891775,-104.878967613559
8035,Roxborough Park,Douglas,CO,39.327522885,-104.92739265
8041,Colorado Springs,El Paso,CO,38.82980312274034,-104.5265483753515
8045,Rifle,Garfield,CO,39.59930922,-107.9068586
8047,Black Hawk,Gilpin,CO,39.8611555,-105.5288778
8051,Crested Butte,Gunnison,CO,38.66868275860055,-107.04453475
8057,Walden,Jackson,CO,40.6666752317322,-106.3432000444
8059,Arvada,Jefferson,CO,39.582690615,-105.24789355
8067,Durango,La Plata,CO,37.287024715,-107.84150805
8069,Fort Collins,Larimer,CO,40.66226883109304,-105.47409585
8077,Grand Junction,Mesa,CO,39.01893959206525,-108.46355405589053
8083,Mesa Verde National Park,Montezuma,CO,37.338289185,-108.59619055935
8099,Lamar,Prowers,CO,37.956687251871855,-102.39273085
8101,Pueblo,Pueblo,CO,38.16810609275335,-104.498561881402
8103,Rangely,Rio Blanco,CO,39.975922733682,-108.2089145
8107,Steamboat Springs,Routt,CO,40.484313913384696,-106.9894648
8113,Telluride,San Miguel,CO,38.0066851956242,-108.4165953
8123,Greeley,Weld,CO,40.55547523204555,-104.3879513427845
9001,Stamford,Fairfield,CT,41.2274128,-73.3670614
9003,Hartford,Hartford,CT,41.8060534,-72.7329157
9005,Thomaston,Litchfield,CT,41.7918833,-73.2354042
9007,Middletown,Middlesex,CT,41.4330028,-72.5227802
9009,New Haven,New Haven,CT,41.3497185,-72.9002033
9011,Groton,New London,CT,41.4726517,-72.1086339
9013,Mansfield Center (Town name Mansfield),Tolland,CT,41.8580807,-72.3409779
9015,Putnam (Town of),Windham,CT,41.8249987,-71.9907017
10001,Dover,Kent,DE,39.091891965,-75.53562243522084
10003,Wilmington,New Castle,DE,39.57875993376545,-75.64602752
10005,Seaford,Sussex,DE,38.66706322,-75.36350455499999
11001,Washington,District of Columbia,DC,38.904487185,-77.01640824
12001,Gainesville,Alachua,FL,29.6751856950068,-82.35809321
12005,Lynn Haven,Bay,FL,30.2651404769141,-85.6200626409611
12009,Melbourne,Brevard,FL,28.2934562139849,-80.73215381
12011,Fort Lauderdale,Broward,FL,26.1523199539158,-80.4871790026649
12021,Naples,Collier,FL,26.1170245,-81.3476396087672
12023,Lake City,Columbia,FL,30.22447896,-82.62181545
12031,Jacksonville,Duval,FL,30.33209992,-81.6706332
12033,Pensacola,Escambia,FL,30.66788784,-87.3627693924499
12035,Bunnell,Flagler,FL,29.46168424,-81.31348156
12047,White Springs,Hamilton,FL,30.49625814,-82.94811131
12055,Sebring,Highlands,FL,27.34286958,-81.3412000386981
12057,Tampa,Hillsborough,FL,27.9292994635599,-82.30922863
12061,Vero Beach,Indian River,FL,27.69411658,-80.6056426514632
12069,Clermont,Lake,FL,28.7613760456976,-81.7115098698765
12071,Fort Myers,Lee,FL,26.57745177,-81.8411895295692
12073,Tallahassee,Leon,FL,30.45809639,-84.27803622
12081,Bradenton,Manatee,FL,27.471886228068,-82.3157420786182
12083,Ocala,Marion,FL,29.21016091,-82.05673787
12085,Stuart,Martin,FL,27.07763224,-80.43125893
12086,Miami,Miami-Dade,FL,25.6148756117785,-80.5593051010929
12089,Fernandina Beach,Nassau,FL,30.6106208,-81.80198035
12091,Fort Walton Beach,Okaloosa,FL,30.65259078,-86.59138991
12095,Orlando,Orange,FL,28.5143906,-81.3232839
12097,Kissimmee,Osceola,FL,28.0624845887589,-81.1492983205034
12099,West Palm Beach,Palm Beach,FL,26.64769528,-80.46525488
12101,Holiday,Pasco,FL,28.30950733,-82.3944848610698
12103,Saint Petersburg,Pinellas,FL,27.9201576,-82.7301572394225
12105,Mulberry,Polk,FL,27.9488148549188,-81.69731123
12107,Palatka,Putnam,FL,29.6086037445797,-81.7441497161206
12111,Fort Pierce,St. Lucie,FL,27.3776983118629,-80.47093128
12113,Gulf Breeze,Santa Rosa,FL,30.7003170541744,-87.02094806
12115,Sarasota,Sarasota,FL,27.1844486961668,-82.3315474199739
12117,Sanford,Seminole,FL,28.7167421000311,-81.23554604
12127,Daytona Beach,Volusia,FL,29.0587848982361,-81.18199975
12129,Saint Marks,Wakulla,FL,30.167069730405,-84.4003829341659
13021,Macon,Bibb,GA,32.80763023,-83.69552014257161
13051,Savannah,Chatham,GA,31.992051195,-81.10883909581665
13055,Summerville,Chattooga,GA,34.47450847,-85.34527414
13059,Athens (corp name Athens-Clarke County),Clarke,GA,33.9519298263003,-83.36703114
13067,Kennesaw,Cobb,GA,33.940493675,-84.575268495
13073,Evans,Columbia,GA,33.54834276,-82.25664454
13089,Atlanta,DeKalb,GA,33.7710181709001,-84.22636385800445
13095,Albany,Dougherty,GA,31.53297829,-84.21277599000001
13097,Douglasville,Douglas,GA,33.701586145,-84.76751490500001
13115,Rome,Floyd,GA,34.2634441558165,-85.213839428027
13121,Atlanta,Fulton,GA,33.79001718117455,-84.467908645
13127,Brunswick,Glynn,GA,31.221551225,-81.517990738134
13135,Lawrenceville,Gwinnett,GA,33.960152955,-84.02504102500001
13139,Gainesville,Hall,GA,34.317268090777645,-83.81902031999999
13151,McDonough,Henry,GA,33.4529466,-84.1540207
13153,Warner Robins,Houston,GA,32.4583519065319,-83.6643466092532
13185,Valdosta,Lowndes,GA,30.833341725,-83.26828013340555
13213,Chatsworth,Murray,GA,34.792979602776754,-84.74277058399724
13215,Columbus,Muscogee,GA,32.510197,-84.8756071379292
13245,Augusta,Richmond,GA,33.3607140665834,-82.0747222285786
13247,Conyers,Rockdale,GA,33.653235286601344,-84.0263696
13261,Americus,Sumter,GA,32.041064055,-84.20070329
13295,Rossville,Walker,GA,34.735802,-85.30124895
13303,Sandersville,Washington,GA,32.9706527984621,-82.797227685
15001,Hawaii Volcanoes National Park,Hawaii,HI,19.59949968,-155.511805477734
15003,Honolulu,Honolulu,HI,21.460883415,-158.08884185
15007,Lihue,Kauai,HI,22.0120383,-159.7059653
15009,Kihei,Maui,HI,20.85920642,-156.585563618561
16001,Boise (corporate name Boise City),Ada,ID,43.451285285,-116.242816721517
16005,Pocatello,Bannock,ID,42.680964505,-112.2269966
16013,Ketchum,Blaine,ID,43.40089282,-113.96297545
16017,Sandpoint,Bonner,ID,48.3084555967564,-116.6068090018865
16019,Idaho Falls,Bonneville,ID,43.3915117858091,-111.6183586
16021,Bonners Ferry,Boundary,ID,48.7669357396543,-116.462854291271
16027,Nampa,Canyon,ID,43.62547469,-116.709058
16041,Franklin,Franklin,ID,42.17728091512105,-111.81812545
16049,Grangeville,Idaho,ID,45.846881595,-115.4673280076565
16053,Jerome,Jerome,ID,42.69065803,-114.2632948
16055,Coeur d'Alene,Kootenai,ID,47.675210500000006,-116.697975
16057,Moscow,Latah,ID,46.817488435,-116.7213372647125
16059,Salmon,Lemhi,ID,44.9359821992979,-113.9102603482625
16069,Lewiston,Nez Perce,ID,46.3304468135396,-116.7554547
16079,Kellogg (Kellogg-Wardner),Shoshone,ID,47.349881945,-115.88828625
16083,Twin Falls,Twin Falls,ID,42.3541552808757,-114.6664524
16085,McCall,Valley,ID,44.8113232,-115.592308252481
17001,Quincy,Adams,IL,39.986932329543805,-91.19174061749128
17019,Champaign,Champaign,IL,40.13947307277955,-88.19811096700201
17031,Chicago,Cook,IL,41.86712242,-87.731167405
17043,Bensenville,DuPage,IL,41.85204943978795,-88.0858465521431
17049,Effingham,Effingham,IL,39.05963979,-88.5897574
17083,Jerseyville,Jersey,IL,39.08289056779925,-90.359053045
17085,Galena,Jo Daviess,IL,42.36383485,-90.21180312
17089,Elgin,Kane,IL,41.939335945,-88.42833112
17097,Waukegan,Lake,IL,42.25457692043685,-87.9048705890525
17111,Cary,McHenry,IL,42.32436542883115,-88.4522876154645
17113,Normal,McLean,IL,40.492674135,-88.84600527743049
17115,Decatur,Macon,IL,39.860135025000005,-88.96156059936695
17117,Nilwood,Macoupin,IL,39.263532605,-89.925479948125
17119,Granite City,Madison,IL,38.8284302975925,-89.9025909656578
17143,Peoria,Peoria,IL,40.787029237561256,-89.76350822127336
17161,Moline,Rock Island,IL,41.467825065,-90.570026
17167,Springfield,Sangamon,IL,39.757540703733895,-89.66059784268985
17197,Joliet,Will,IL,41.44674121511145,-87.9784564
17201,Rockford,Winnebago,IL,42.336875695,-89.161062595
18003,Fort Wayne,Allen,IN,41.091520205,-85.06919712
18005,Columbus,Bartholomew,IN,39.205843,-85.897797105
18019,Jeffersonville,Clark,IN,38.476815635,-85.7091123
18035,Muncie,Delaware,IN,40.2275433,-85.398269465
18039,Elkhart,Elkhart,IN,41.599193695,-85.861375425
18043,New Albany,Floyd,IN,38.318261355,-85.909318965
18057,Noblesville,Hamilton,IN,40.06296542,-86.03674893
18063,Avon,Hendricks,IN,39.769239360881855,-86.50995028372529
18067,Kokomo,Howard,IN,40.483545495,-86.11537772
18069,Roanoke,Huntington,IN,40.82911501,-85.48824811
18083,Vincennes,Knox,IN,38.689059105,-87.4195151067538
18089,Gary,Lake,IN,41.444721752133205,-87.37808849999999
18091,Michigan City,LaPorte,IN,41.54763029,-86.7424403132199
18095,Anderson,Madison,IN,40.16396813849205,-85.72100925
18097,Indianapolis,Marion,IN,39.78237884,-86.13711518006639
18105,Bloomington,Monroe,IN,39.16078031992196,-86.5232690008155
18109,Martinsville,Morgan,IN,39.48183246,-86.44627913
18123,Tell City,Perry,IN,38.080616295,-86.6323298265103
18127,Portage,Porter,IN,41.485397395,-87.06938205911766
18129,Mount Vernon,Posey,IN,38.025919875,-87.8686526
18141,South Bend,St. Joseph,IN,41.617215055,-86.28898006
18157,Lafayette,Tippecanoe,IN,40.38892158,-86.89380452732689
18163,Evansville,Vanderburgh,IN,38.02261386,-87.58613391
18167,Terre Haute,Vigo,IN,39.4299282,-87.390040825
18173,Boonville,Warrick,IN,38.094986480428645,-87.2720486
19013,Waterloo,Black Hawk,IA,42.470616765,-92.30814551
19017,Waverly,Bremer,IA,42.77775286954375,-92.32269990533403
19045,Clinton,Clinton,IA,41.89802844459695,-90.5332911585823
19085,Dunlap,Harrison,IA,41.68593015,-95.82209142
19103,Iowa City,Johnson,IA,41.67109951213335,-91.589245655
19113,Cedar Rapids,Linn,IA,42.07842604628125,-91.59787505
19137,Red Oak,Montgomery,IA,41.025955645,-95.157112475
19139,Muscatine,Muscatine,IA,41.483824165,-91.11575783
19147,Emmetsburg,Palo Alto,IA,43.078637945,-94.67363146525317
19153,Des Moines,Polk,IA,41.6851573591254,-93.57124855913553
19163,Davenport,Scott,IA,41.63960027625145,-90.6226185600043
19177,Bonaparte,Van Buren,IA,40.75367816000875,-91.9516242511749
20057,Dodge City,Ford,KS,37.69009925,-99.8864420133483
20091,Overland Park,Johnson,KS,38.883873820000005,-94.82240311535976
20103,Leavenworth,Leavenworth,KS,39.19447038,-95.03860575951484
20133,Chanute,Neosho,KS,37.56144394,-95.3113385067483
20173,Wichita,Sedgwick,KS,37.682735015,-97.46103118256336
20177,Topeka,Shawnee,KS,39.041748525,-95.75592583147336
20181,Goodland,Sherman,KS,39.351412936482845,-101.719859
20191,Wellington,Sumner,KS,37.23674487,-97.485283385
20209,Kansas City,Wyandotte,KS,39.115088659733104,-94.763806425
21013,Middlesborough (corporate name for Middlesboro),Bell,KY,36.7289281,-83.680718
21015,Florence,Boone,KY,38.9589002,-84.7363707
21019,Ashland,Boyd,KY,38.3600029,-82.6814057
21029,Shepherdsville,Bullitt,KY,37.9699453,-85.7026354
21037,Fort Thomas,Campbell,KY,38.9469811,-84.3795832
21043,Olive Hill,Carter,KY,38.3140935,-83.0389885
21047,Hopkinsville,Christian,KY,36.8920592,-87.4929864
21059,Owensboro,Daviess,KY,37.731671,-87.087139
21067,Lexington-Fayette (corporate name for Lexington),Fayette,KY,38.0406777,-84.4582721
21089,Bellefonte,Greenup,KY,38.5635616,-82.9338199
21091,Hawesville,Hancock,KY,37.8433252,-86.7927612
21093,Elizabethtown,Hardin,KY,37.6958356,-85.9631827
21111,Louisville,Jefferson,KY,38.1895321,-85.6576243
21113,Nicholasville,Jessamine,KY,37.8732908,-84.5839603
21139,Smithland,Livingston,KY,37.2095174,-88.3634261
21145,Paducah,McCracken,KY,37.0541106,-88.7124544
21185,Buckner,Oldham,KY,38.4001274,-85.4561499
21193,Hazard,Perry,KY,37.2412822,-83.2177723
21195,Pikeville,Pike,KY,37.4860314,-82.410912
21199,Somerset,Pulaski,KY,37.107452,-84.5769692
21213,Franklin,Simpson,KY,36.7409366,-86.5817934
21227,Bowling Green,Warren,KY,36.995634,-86.4235786
22005,Donaldsonville,Ascension,LA,30.20510860222835,-90.912096145
22015,Shreveport,Bossier,LA,32.6883872881548,-93.6157824323688
22017,Shreveport,Caddo,LA,32.58026522526045,-93.8838710919677
22019,Lake Charles,Calcasieu,LA,30.229482495,-93.358022915
22033,Baton Rouge,East Baton Rouge,LA,30.541039396587,-91.09428803
22047,St. Gabriel,Iberville,LA,30.26443074,-91.357328565
22051,Metairie,Jefferson,LA,29.6223604887388,-90.07457374008584
22055,Lafayette,Lafayette,LA,30.20662860749875,-92.063975025
22057,Galliano,Lafourche,LA,29.524527517441847,-90.4064090452539
22063,French Settlement,Livingston,LA,30.44039612492865,-90.7274738
22071,New Orleans,Orleans,LA,30.0610279251937,-89.932751395
22073,Monroe,Ouachita,LA,32.479637075,-92.153042195
22077,New Roads,Pointe Coupee,LA,30.70869375525895,-91.60256934075784
22087,Chalmette,St. Bernard,LA,29.896596547715752,-89.4006497062487
22093,Gramercy,St. James,LA,30.025416995,-90.7939562
22095,Laplace (La Place),St. John the Baptist,LA,30.1353451044048,-90.4909596
22099,St. Martinville,St. Martin,LA,30.125366425,-91.6098930112755
22103,Slidell,St. Tammany,LA,30.40996092715475,-89.95469869088456
22121,Addis,West Baton Rouge,LA,30.463698155000003,-91.31144920833074
23001,Lewiston,Androscoggin,ME,44.1665775013876,-70.2070966998983
23003,Madawaska (census name for Madawaska Center),Aroostook,ME,46.68417266,-68.605594525
23005,Portland,Cumberland,ME,43.823558795552,-70.35325017268035
23009,Bucksport (census name for Bucksport Compact),Hancock,ME,44.60406997924035,-68.36476952749175
23011,Augusta,Kennebec,ME,44.4129813018444,-69.76655057560335
23013,Rockland,Knox,ME,44.1244743219944,-69.1529439629705
23017,Mexico (census name for Mexico Center),Oxford,ME,44.49697577606145,-70.74548200000001
23019,Lincoln (census name for Lincoln Compact),Penobscot,ME,45.40490433,-68.65802890147711
23029,Calais,Washington,ME,44.994423517132006,-67.61927034499999
23031,Biddeford (RR name Biddeford-Saco),York,ME,43.4521807562462,-70.6913432496375
24003,Riviera Beach,Anne Arundel,MD,38.99876821,-76.58224315999999
24005,Cockeysville,Baltimore,MD,39.4431666,-76.6165693
24009,Prince Frederick,Calvert,MD,38.531590665,-76.548277645
24013,Westminster,Carroll,MD,39.56311526619085,-77.01904661766875
24015,Elkton,Cecil,MD,39.566456305,-75.9414916448452
24017,Hughesville,Charles,MD,38.489599075,-77.0038043547367
24019,Cambridge,Dorchester,MD,38.4491606624121,-76.03544565303275
24021,Frederick,Frederick,MD,39.47113084,-77.39765336856891
24023,Grantsville,Garrett,MD,39.5380267142515,-79.27411129000001
24025,Bel Air,Harford,MD,39.5470821,-76.30779122
24027,Columbia,Howard,MD,39.25128182500001,-76.927103725
24031,Silver Spring,Montgomery,MD,39.136933485,-77.203534805
24033,Beltsville,Prince George's,MD,38.82928096,-76.84784828171385
24043,Hagerstown,Washington,MD,39.60361166898405,-77.814286465
24510,Baltimore,Baltimore City,MD,39.3000324,-76.6104761
25001,Falmouth (census name for Falmouth Center),Barnstable,MA,41.7147149295252,-70.22743321875815
25003,Pittsfield,Berkshire,MA,42.37113696,-73.2120884
25005,Fall River,Bristol,MA,41.77282854249605,-71.1015504238227
25007,Aquinnah,Dukes,MA,41.3894380165854,-70.67766291500479
25009,Salem,Essex,MA,42.65728451502895,-70.908173445
25011,Colrain,Franklin,MA,42.5838652481585,-72.5917714604941
25013,Springfield,Hampden,MA,42.135727052359655,-72.633621905
25015,South Hadley,Hampshire,MA,42.33985548323,-72.663513065
25017,Lowell,Middlesex,MA,42.48353965120345,-71.39341096851805
25021,Quincy,Norfolk,MA,42.16686171362775,-71.19452086858585
25023,Brockton,Plymouth,MA,41.97049163965785,-70.77722711
25025,Boston,Suffolk,MA,42.33629419550775,-71.0437992122131
25027,Worcester,Worcester,MA,42.33151875972615,-71.92403826
26005,Holland,Allegan,MI,42.506272078508346,-86.07494874808256
26017,Bay City,Bay,MI,43.70358012,-83.985324505
26019,Benzonia,Benzie,MI,44.6377447741278,-86.123727865
26021,Benton Harbor,Berrien,MI,41.87303496,-86.577536455
26027,Cassopolis,Cass,MI,41.916360625,-85.997108045
26037,Lansing,Clinton,MI,42.94720369,-84.5965256
26049,Flint,Genesee,MI,43.02138425699896,-83.7063718
26063,Harbor Beach,Huron,MI,43.87051664034605,-82.937756025
26065,Lansing,Ingham,MI,42.60030992365125,-84.37370566808781
26077,Kalamazoo,Kalamazoo,MI,42.2458717495721,-85.53203031985456
26081,Grand Rapids,Kent,MI,43.0323229550076,-85.54837567789406
26091,Adrian,Lenawee,MI,41.895579525,-84.07035554492495
26099,Sterling Heights,Macomb,MI,42.683718594322,-82.92186561385165
26101,Manistee,Manistee,MI,44.3329667020985,-86.0569772132245
26105,Ludington,Mason,MI,43.97614883682,-86.34648659901956
26121,Muskegon,Muskegon,MI,43.360061135,-86.2864780127997
26125,Pontiac,Oakland,MI,42.660439215,-83.384974955
26139,Holland,Ottawa,MI,43.00740165573765,-86.10802180499999
26147,Port Huron,St. Clair,MI,42.93096341446075,-82.67470564737255
26153,Manistique,Schoolcraft,MI,46.1088914758513,-86.19843943590145
26157,Vassar,Tuscola,MI,43.476323075,-83.426935525
26161,Ann Arbor,Washtenaw,MI,42.2527290238336,-83.8411123834872
26163,Detroit,Wayne,MI,42.28321478229695,-83.2720754003191
26165,Cadillac,Wexford,MI,44.33486821879135,-85.57410579
27003,Anoka,Anoka,MN,45.2737557100027,-93.24458581881856
27005,Detroit Lakes,Becker,MN,46.9362299989951,-95.707994135
27007,Bemidji,Beltrami,MN,47.926509345,-94.97173778264926
27017,Cloquet,Carlton,MN,46.598080535,-92.67386119517556
27021,Cass Lake,Cass,MN,46.950592405,-94.32974582409156
27035,Brainerd,Crow Wing,MN,46.48713952,-94.07068930453914
27037,Rosemount,Dakota,MN,44.671422552009545,-93.0638220124067
27049,Red Wing,Goodhue,MN,44.40792372815715,-92.719325665
27053,Minneapolis,Hennepin,MN,45.005370435332296,-93.47593057277685
27075,Silver Bay,Lake,MN,47.5789674851066,-91.42887630581804
27083,Marshall,Lyon,MN,44.411288985,-95.84321598
27095,Onamia,Mille Lacs,MN,45.9290434,-93.6329964
27109,Rochester,Olmsted,MN,44.00165351,-92.406097395
27123,St. Paul,Ramsey,MN,45.01626639194835,-93.0999648
27139,Shakopee,Scott,MN,44.65023663,-93.53475261764254
27145,St. Cloud,Stearns,MN,45.5537501598332,-94.611737115
27163,St. Paul Park,Washington,MN,45.038204215,-92.88700458
27171,Monticello,Wright,MN,45.17458759916515,-93.96474122032495
28011,Cleveland,Bolivar,MS,33.798080113476246,-90.88231810796844
28033,Hernando,DeSoto,MS,34.87518007843005,-89.9912114
28035,Hattiesburg,Forrest,MS,31.188759828437348,-89.258695385
28045,Waveland,Hancock,MS,30.403723882400648,-89.48565354494875
28047,Gulfport,Harrison,MS,30.46040685316165,-89.0973958745868
28049,Jackson,Hinds,MS,32.267340245,-90.454626975
28059,Pascagoula,Jackson,MS,30.4953435897032,-88.6302174346383
28075,Meridian,Lauderdale,MS,32.40414769047655,-88.66146152499999
28081,Tupelo,Lee,MS,34.2911302528341,-88.68141394917005
29019,Columbia,Boone,MO,38.990411715,-92.309977145
29021,St. Joseph,Buchanan,MO,39.660137145,-94.80718175
29027,Fulton,Callaway,MO,38.835547,-91.924700030059
29037,Kansas City,Cass,MO,38.6466667242733,-94.35472421
29047,Kansas City,Clay,MO,39.31316425664115,-94.421346395
29049,Trimble,Clinton,MO,39.605226160611,-94.4002157272669
29077,Springfield,Greene,MO,37.258110639441256,-93.34127141
29095,Kansas City,Jackson,MO,39.0069342344372,-94.344661805
29097,Joplin,Jasper,MO,37.2043773496023,-94.3388797
29099,Herculaneum,Jefferson,MO,38.2590185,-90.5406306757008
29113,Foley,Lincoln,MO,39.060182565,-90.961373555
29510,St. Louis,St. Louis City,MO,38.6356988,-90.2445816
30013,Great Falls,Cascade,MT,47.31239836882515,-111.3487348
30017,Miles City,Custer,MT,46.2526825162411,-105.571832087219
30027,Lewistown,Fergus,MT,47.24254946159775,-109.228658344996
30029,Kalispell,Flathead,MT,48.2954221,-114.05093515
30031,Bozeman,Gallatin,MT,45.529523190000006,-111.1671655728215
30049,East Helena,Lewis and Clark,MT,47.12850754,-112.3818106541865
30053,Libby,Lincoln,MT,48.548035895,-115.43406718003
30063,Missoula,Missoula,MT,47.03189640923085,-113.908145024713
30081,Hamilton,Ravalli,MT,46.07965414771574,-114.1128289
30083,Sidney,Richland,MT,47.78611332,-104.562435265452
30087,Forsyth,Rosebud,MT,46.20160895507815,-106.69868351104
30089,Thompson Falls,Sanders,MT,47.71587794,-115.1577267
30093,Butte-Silver Bow (Remainder),Silver Bow,MT,45.89935094,-112.658324719853
30111,Billings,Yellowstone,MT,45.937035685,-108.27570925
31025,Weeping Water,Cass,NE,40.90982874419075,-96.1407721631302
31055,Omaha,Douglas,NE,41.296266179737145,-96.154248905
31067,Beatrice,Gage,NE,40.2585299024776,-96.68643156838334
31079,Grand Island,Hall,NE,40.8660265,-98.5026645
31109,Lincoln,Lancaster,NE,40.78383949458655,-96.688210035
31153,Bellevue,Sarpy,NE,41.11407695054865,-96.109873425
31157,Scottsbluff,Scotts Bluff,NE,41.8503306,-103.7015494
31177,Blair,Washington,NE,41.5309617546696,-96.2222040629342
32001,Fallon,Churchill,NV,39.559092435,-118.29990445
32003,Las Vegas,Clark,NV,36.2145972740259,-115.014398153085
32005,Stateline,Douglas,NV,38.90856264,-119.612575891439
32007,Elko,Elko,NV,41.14351602,-115.3546202986695
32019,Churchill,Lyon,NV,39.0214708,-119.19333685
32023,Pahrump,Nye,NV,38.00391602276935,-116.465410149857
32031,Reno,Washoe,NV,40.698605245,-119.6637439
32033,Lehman Caves National Monument,White Pine,NV,39.430184555,-114.900951
32510,Carson City,Carson City,NV,39.152138434255406,-119.7473666700595
33001,Laconia,Belknap,NH,43.51861626,-71.424182845
33005,Keene,Cheshire,NH,42.92250619,-72.249648255
33007,Berlin,Coos,NH,44.67104098,-71.2975608008735
33009,Lebanon,Grafton,NH,43.93350276,-71.83156735
33011,Manchester,Hillsborough,NH,42.91340206,-71.719570062604
33013,Concord,Merrimack,NH,43.29849933974955,-71.68015764218535
33015,Portsmouth,Rockingham,NH,42.98816013,-71.112134055
34001,Atlantic City,Atlantic,NJ,39.4693555,-74.6337591
34003,Fort Lee,Bergen,NJ,40.9596985,-74.0747272
34007,Camden,Camden,NJ,39.8024071,-74.9612493
34011,Bridgeton,Cumberland,NJ,39.3284336,-75.1216277
34013,Newark,Essex,NJ,40.7874003,-74.2462919
34015,Paulsboro,Gloucester,NJ,39.7228745,-75.1456793
34017,Jersey City,Hudson,NJ,40.7313751,-74.0786014
34019,Flemington,Hunterdon,NJ,40.5652832,-74.9119695
34021,Trenton,Mercer,NJ,40.2825026,-74.703724
34023,Perth Amboy,Middlesex,NJ,40.4396214,-74.4074303
34025,Asbury Park,Monmouth,NJ,40.2870481,-74.1524456
34027,Morristown,Morris,NJ,40.8588961,-74.5472917
34029,Toms River,Ocean,NJ,39.865669,-74.2588636
34031,Paterson,Passaic,NJ,41.0366554,-74.2994078
34039,Elizabeth,Union,NJ,40.6598707,-74.3086957
34041,Phillipsburg,Warren,NJ,40.8534914,-75.0094978
35001,Albuquerque,Bernalillo,NM,35.05250613,-106.669675308113
35015,Artesia,Eddy,NM,32.464603265,-104.30531735
35025,Hobbs,Lea,NM,32.793926141571106,-103.41286305
35029,Deming,Luna,NM,32.18337993481235,-107.7484556435975
35039,Espanola,Rio Arriba,NM,36.5096687,-106.6934820204405
35043,Rio Rancho Estates,Sandoval,NM,35.686900464079955,-106.8745573
35045,Farmington,San Juan,NM,36.510069265,-108.3225906
35049,Santa Fe,Santa Fe,NM,35.510715750859504,-105.97005205
35055,Taos,Taos,NM,36.57730321,-105.6358473
35061,Belen,Valencia,NM,34.71619301,-106.807691894807
36001,Albany,Albany,NY,42.5941796027702,-73.9737313032538
36005,New York,Bronx,NY,40.84889429,-73.8584536417246
36013,Jamestown,Chautauqua,NY,42.266185015000005,-79.38711892
36027,Poughkeepsie,Dutchess,NY,41.76001848910765,-73.74144
36029,Buffalo,Erie,NY,42.7581838181143,-78.75539995935475
36031,Lake Placid,Essex,NY,44.113359055,-73.77550424500001
36043,Herkimer,Herkimer,NY,43.4194963,-74.96255488
36045,Carthage,Jefferson,NY,44.02208032607025,-75.9922193377301
36047,New York,Kings,NY,40.636926155,-73.94475632000001
36055,Rochester,Monroe,NY,43.1985891,-77.69825686
36059,Freeport,Nassau,NY,40.73265007339715,-73.5880735110265
36061,New York,New York,NY,40.776298115,-73.9701871
36063,Niagara Falls,Niagara,NY,43.236337015152,-78.77941265
36065,Utica,Oneida,NY,43.2422679824303,-75.43491269963725
36067,Syracuse,Onondaga,NY,43.006289425000006,-76.19544210048736
36071,Newburgh,Orange,NY,41.402261185,-74.3060165875664
36075,Fulton,Oswego,NY,43.44422470583925,-76.17561359499999
36079,Brewster,Putnam,NY,41.42735174780925,-73.7465737308186
36081,New York,Queens,NY,40.678695315,-73.830425855
36085,New York,Richmond,NY,40.570995935,-74.14613987999999
36087,Suffern,Rockland,NY,41.15365150709995,-74.02454137000001
36091,Corinth,Saratoga,NY,43.1065522126404,-73.8595738458569
36101,Hornell,Steuben,NY,42.267286303844,-77.38457123769975
36103,Port Jefferson,Suffolk,NY,40.9068540342825,-72.7675395703163
36109,Ithaca,Tompkins,NY,42.4524325523516,-76.4734835
36117,Newark,Wayne,NY,43.18737680570744,-77.03948411
36119,Yonkers,Westchester,NY,41.157046575,-73.7508045794903
37003,Taylorsville,Alexander,NC,35.920840475,-81.17726932
37021,Asheville,Buncombe,NC,35.6101743254928,-82.5304045398565
37027,Lenoir,Caldwell,NC,35.959829995,-81.52959748186356
37031,Morehead City,Carteret,NC,34.84288982,-76.59436797500001
37035,Hickory,Catawba,NC,35.66205028898665,-81.2149057
37051,Fayetteville,Cumberland,NC,35.04942678,-78.82819478065755
37057,Lexington,Davidson,NC,35.794239415885,-80.20960439999999
37063,Durham,Durham,NC,36.03487414461355,-78.8771975184348
37065,Rocky Mount,Edgecombe,NC,35.91505869001951,-77.59997841
37067,Winston-Salem,Forsyth,NC,36.13154278544605,-80.2566143059407
37077,Oxford,Granville,NC,36.30187300220375,-78.65532431
37081,Greensboro,Guilford,NC,36.079260915,-79.7886652
37087,Waynesville,Haywood,NC,35.55748299,-82.9816738308503
37101,Smithfield,Johnston,NC,35.515536625,-78.3665510661355
37107,Kinston,Lenoir,NC,35.239586075000005,-77.6382368463904
37109,Lincolnton,Lincoln,NC,35.487389755,-81.22554779000001
37117,Jamesville,Martin,NC,35.8452613626757,-77.1144747229131
37119,Charlotte,Mecklenburg,NC,35.246790493544694,-80.83340128500001
37121,Spruce Pine,Mitchell,NC,36.0132854500707,-82.1635541
37123,Candor,Montgomery,NC,35.32993526831055,-79.90840332
37129,Wilmington,New Hanover,NC,34.206757915,-77.87423834758104
37131,Gaston,Northampton,NC,36.4217739,-77.3983518
37147,Greenville,Pitt,NC,35.59275618,-77.373428115
37157,Eden,Rockingham,NC,36.38891153894885,-79.77902847
37159,Salisbury,Rowan,NC,35.64062147,-80.5232591188174
37173,Bryson City (RR name Bryson),Swain,NC,35.5278384202834,-83.478928725
37179,Monroe,Union,NC,34.99011271573815,-80.53059085473134
37183,Raleigh,Wake,NC,35.789846555,-78.6504843100584
37199,Burnsville,Yancey,NC,35.893813835,-82.305820315
38013,Lignite,Burke,ND,48.7886846420826,-102.5191425837285
38015,Bismarck,Burleigh,ND,46.9781730430497,-100.4692264953455
38017,Fargo,Cass,ND,46.92998314,-97.2502857720427
38025,Dunn Center,Dunn,ND,47.355559405,-102.6152947776295
38053,Mandaree,McKenzie,ND,47.741348695,-103.3993683919865
38057,Beulah,Mercer,ND,47.30817436843304,-101.8325404
38101,Minot,Ward,ND,48.21918224,-101.5411599
38105,Williston,Williams,ND,48.34371888,-103.4802138
39001,Manchester,Adams,OH,38.8399725,-83.47497269499999
39003,Lima,Allen,OH,40.77157228,-84.105972485
39007,Conneaut,Ashtabula,OH,41.80709463,-80.74695086654275
39013,Shadyside,Belmont,OH,40.016809375,-80.9780637585577
39017,Middletown,Butler,OH,39.43920091121855,-84.5706393588018
39023,Springfield,Clark,OH,39.916902825,-83.783682245
39025,Batavia,Clermont,OH,39.0498060636311,-84.15057282770826
39027,Wilmington,Clinton,OH,39.4158218899006,-83.80638304
39035,Cleveland,Cuyahoga,OH,41.48966949171335,-81.631792186908
39041,Delaware,Delaware,OH,40.27871843,-83.00614843896035
39049,Columbus,Franklin,OH,39.96971156985165,-83.00908737
39055,Bainbridge,Geauga,OH,41.49943611775285,-81.1760360115449
39057,Fairborn,Greene,OH,39.68944275,-83.89246736381224
39061,Cincinnati,Hamilton,OH,39.1962363160877,-84.543903095
39067,Bowerston,Harrison,OH,40.2923175,-81.0915651
39081,Steubenville,Jefferson,OH,40.39220340894495,-80.7623259045226
39083,Centerburg,Knox,OH,40.40121089782095,-82.42199558
39085,Painesville,Lake,OH,41.73758325017645,-81.21707443054095
39087,Ironton,Lawrence,OH,38.6013102075909,-82.52696828
39089,Newark,Licking,OH,40.09151733527335,-82.48325483693796
39093,Lorain,Lorain,OH,41.3672348012817,-82.165478885
39095,Toledo,Lucas,OH,41.65137289,-83.56240349999999
39097,London,Madison,OH,39.89544542,-83.40077180795055
39099,Youngstown,Mahoning,OH,41.012758936219,-80.77333759
39103,Medina,Medina,OH,41.11687263895945,-81.899741515
39109,Piqua,Miami,OH,40.0534122,-84.22866891000001
39113,Dayton,Montgomery,OH,39.75397985,-84.29063286860415
39133,Ravenna,Portage,OH,41.16844475,-81.197161185
39135,Eaton,Preble,OH,39.7402044534509,-84.646362147091
39145,Portsmouth,Scioto,OH,38.80952277,-82.995999115
39151,Canton,Stark,OH,40.81401954,-81.3656673
39153,Akron,Summit,OH,41.12387630887895,-81.53354176795725
39155,Warren,Trumbull,OH,41.31169503727355,-80.765809418021
39165,Franklin,Warren,OH,39.426378865,-84.16840933
39167,Marietta,Washington,OH,39.45299735455615,-81.4929823501248
39173,Bowling Green,Wood,OH,41.360776575,-83.622829135
40001,Cherry Tree,Adair,OK,35.89105271,-94.654829125
40017,Yukon,Canadian,OK,35.54297415,-97.98102266741324
40019,Ardmore,Carter,OK,34.25138312,-97.28688809
40023,Hugo,Choctaw,OK,34.02664658,-95.55215193
40027,Moore,Cleveland,OK,35.204810535,-97.32470245276116
40031,Lawton,Comanche,OK,34.662391391899405,-98.47413171679555
40037,Sapulpa,Creek,OK,35.90496485394695,-96.375532645
40039,Clinton,Custer,OK,35.63856291,-99.00141043
40043,Seiling,Dewey,OK,35.98279582,-99.0111977616711
40069,Tishomingo,Johnston,OK,34.3134553,-96.6542545
40071,Ponca City,Kay,OK,36.816386885,-97.14387037
40075,Hobart,Kiowa,OK,34.91890593136135,-98.9812572369833
40087,Purcell,McClain,OK,35.012883935681145,-97.44728784552557
40097,Pryor (corporate name Pryor Creek),Mayes,OK,36.3028966811738,-95.233287505
40105,South Coffeyville,Nowata,OK,36.79845236668865,-95.61736328586557
40109,Oklahoma City,Oklahoma,OK,35.55305487833015,-97.40831776
40113,Pawhuska,Osage,OK,36.62669202,-96.4033703562811
40115,Miami,Ottawa,OK,36.83571250642155,-94.806571925
40121,McAlester,Pittsburg,OK,34.92472024,-95.74818737
40135,Marble City Community,Sequoyah,OK,35.499029886054245,-94.752950635
40143,Tulsa,Tulsa,OK,36.120692832320856,-95.941682145
40147,Bartlesville,Washington,OK,36.704403,-95.9062525
41001,Baker City,Baker,OR,44.7062601589677,-117.68378168367848
41003,Corvallis,Benton,OR,44.4928165521656,-123.4268769
41005,Milwaukie,Clackamas,OR,45.17422415581575,-122.20767616721
41009,St. Helens,Columbia,OR,45.9427864,-123.08455435
41013,Prineville,Crook,OR,44.15265503,-120.3641277
41017,Bend,Deschutes,OR,43.914974024085296,-121.2266212
41019,Roseburg,Douglas,OR,43.2863277,-123.154476
41023,John Day,Grant,OR,44.49379824198,-119.01082395
41025,Burns,Harney,OR,43.06420118960855,-118.9775829040785
41029,Medford,Jackson,OR,42.42184789392995,-122.70196735
41031,Madras,Jefferson,OR,44.6372233662146,-121.177345780259
41033,Grants Pass,Josephine,OR,42.376333845000005,-123.56379865
41035,Klamath Falls,Klamath,OR,42.684906275,-121.6480515
41037,Lakeview,Lake,OR,42.79092903,-120.3886124258855
41039,Eugene,Lane,OR,43.933442505494256,-122.8726043103935
41043,Albany,Linn,OR,44.48879547,-122.5356378839185
41047,Salem,Marion,OR,44.902095535,-122.580312056383
41051,Portland,Multnomah,OR,45.547211455,-122.4161639017495
41059,Pendleton,Umatilla,OR,45.59140464739315,-118.7353756898685
41061,La Grande,Union,OR,45.307185020000006,-118.004035860232
41063,Enterprise,Wallowa,OR,45.58677529,-117.1832997
41065,City of The Dalles,Wasco,OR,45.1645359,-121.1650693
41067,Hillsboro,Washington,OR,45.556790045,-123.0981361
42001,Biglerville,Adams,PA,39.8694707,-77.2177296
42003,Pittsburgh,Allegheny,PA,40.4697574,-79.9804515
42005,Kittanning,Armstrong,PA,40.8123805,-79.4641285
42007,Baden,Beaver,PA,40.6841401,-80.3507209
42011,Laureldale,Berks,PA,40.4139565,-75.9268598
42013,Altoona,Blair,PA,40.4986828,-78.309597
42015,Towanda,Bradford,PA,41.7915044,-76.5021231
42017,Bristol,Bucks,PA,40.3368872,-75.10706
42021,Johnstown,Cambria,PA,40.5102268,-78.7104774
42027,State College,Centre,PA,40.9091275,-77.8478769
42029,Downingtown,Chester,PA,39.9740287,-75.7497512
42041,Carlisle,Cumberland,PA,40.1648047,-77.2634419
42043,Harrisburg,Dauphin,PA,40.4125646,-76.7926343
42045,Chester,Delaware,PA,39.9166853,-75.3988178
42049,Erie,Erie,PA,42.1179519,-80.0963858
42051,Brownsville,Fayette,PA,39.9189072,-79.6401194
42055,Chambersburg,Franklin,PA,39.9267722,-77.7245208
42059,Morrisville,Greene,PA,39.8477067,-80.2256552
42063,Indiana,Indiana,PA,40.6514319,-79.0875451
42069,Scranton,Lackawanna,PA,41.4402841,-75.6096661
42071,Lancaster,Lancaster,PA,40.0419921,-76.250198
42073,Bessemer (RR name Walford),Lawrence,PA,40.9927352,-80.3344455
42075,Lebanon,Lebanon,PA,40.369294175,-76.46123727
42077,Allentown,Lehigh,PA,40.6142409,-75.5906269
42079,Nanticoke,Luzerne,PA,41.1730778,-75.9760533
42081,Williamsport,Lycoming,PA,41.3438824,-77.0552624
42085,Farrell,Mercer,PA,41.3000142,-80.2527863
42091,Collegeville,Montgomery,PA,40.2099992,-75.3702011
42095,Bethlehem,Northampton,PA,40.7527913,-75.3074468
42101,Philadelphia,Philadelphia,PA,40.0093755,-75.1333459
42115,New Milford,Susquehanna,PA,41.8196651,-75.8009686
42125,Monongahela,Washington,PA,40.2000054,-80.2521319
42129,Monessen,Westmoreland,PA,40.3110682,-79.4666879
42131,Tunkhannock,Wyoming,PA,41.5251726,-76.008731
42133,York,York,PA,39.9217514,-76.7288887
44003,Warwick (RR name Apponaug),Kent,RI,41.67389385,-71.5853642
44007,Providence,Providence,RI,41.870630805,-71.578655775
44009,Westerly (census name Westerly Center),Washington,RI,41.43303579,-71.62177043
45003,Aiken,Aiken,SC,33.5500134,-81.632983
45007,Anderson,Anderson,SC,34.521235,-82.6386029
45015,Moncks Corner,Berkeley,SC,33.2077,-79.9536554
45019,North Charleston,Charleston,SC,32.8173696599259,-79.945193125
45031,Darlington,Darlington,SC,34.3321854,-79.9621155
45041,Florence,Florence,SC,34.0265213,-79.7064454242085
45045,Greenville,Greenville,SC,34.89335244,-82.371459415
45051,Conway,Horry,SC,33.9092694,-78.9766749
45063,Cayce,Lexington,SC,33.900815210000005,-81.268741855
45079,Columbia,Richland,SC,34.025451180000005,-80.90045094
45083,Spartanburg,Spartanburg,SC,34.93175151,-81.99129820499999
45091,Rock Hill,York,SC,34.972454665,-81.18381873
46011,Brookings,Brookings,SD,44.373254815,-96.794214175
46013,Aberdeen,Brown,SD,45.5892542,-98.3521746
46029,Watertown,Codington,SD,44.971970007832354,-97.193755435
46065,Pierre,Hughes,SD,44.38673152755069,-99.9856534404159
46099,Sioux Falls,Minnehaha,SD,43.67081472532415,-96.79359807441448
46103,Rapid City,Pennington,SD,44.003007305,-102.8238555354625
47001,Oak Ridge,Anderson,TN,36.11761019,-84.19715762
47009,Alcoa,Blount,TN,35.687783455,-83.92385770499999
47037,Nashville,Davidson,TN,36.1692284765042,-86.7847898
47045,Dyersburg,Dyer,TN,36.05659935,-89.4057804619935
47065,Chattanooga,Hamilton,TN,35.1723426780463,-85.183189375
47089,New Market,Jefferson,TN,36.04959565,-83.443761635
47093,Knoxville,Knox,TN,35.99283179,-83.9375770278082
47099,Loretto,Lawrence,TN,35.21890381,-87.39617235
47105,Loudon,Loudon,TN,35.7350854,-84.31253311
47107,Athens,McMinn,TN,35.4247224273207,-84.61862181033385
47113,Jackson,Madison,TN,35.607050470000004,-88.8358985259384
47119,Columbia,Maury,TN,35.6164654166322,-87.0775650868471
47125,Clarksville,Montgomery,TN,36.498670108002656,-87.3816867054464
47141,Cookeville,Putnam,TN,36.1409404,-85.4961801
47145,Rockwood,Roane,TN,35.8474657419654,-84.523686600709
47155,Pigeon Forge,Sevier,TN,35.786197815,-83.52478920770875
47157,Memphis,Shelby,TN,35.18439860715395,-89.8946125
47163,Kingsport,Sullivan,TN,36.51130321474345,-82.30287942000001
47165,Gallatin,Sumner,TN,36.471095695,-86.45913985499999
47187,Franklin,Williamson,TN,35.894561624999994,-86.898117275
47189,Lebanon,Wilson,TN,36.15179183,-86.29392839021234
48013,Lytle,Atascosa,TX,28.8914775,-98.535381
48027,Temple,Bell,TX,31.04017572,-97.4799778209348
48029,San Antonio,Bexar,TX,29.448804295,-98.520129565
48037,Texarkana,Bowie,TX,33.446181385,-94.4231060033575
48039,Clute (corporate name for Clute City),Brazoria,TX,29.1787016346877,-95.44222126
48041,Bryan,Brazos,TX,30.6567132,-96.3023935
48043,Alpine,Brewster,TX,29.810341135,-103.25232185
48061,Brownsville,Cameron,TX,26.11567169,-97.4967675342447
48085,Frisco,Collin,TX,33.191355745,-96.57602794
48113,Dallas,Dallas,TX,32.766808915,-96.778128775
48121,Denton,Denton,TX,33.205223555,-97.1189616358065
48135,Odessa,Ector,TX,31.8672034800926,-102.5427436539665
48139,Midlothian,Ellis,TX,32.3476153730865,-96.795963165
48141,El Paso,El Paso,TX,31.7675731435557,-106.23821525
48167,Texas City,Galveston,TX,29.31146946711075,-94.92392118
48183,Longview,Gregg,TX,32.4837546,-94.816340925
48201,Houston,Harris,TX,29.85736957749975,-95.3930371
48203,Hallsville,Harrison,TX,32.5482123813742,-94.37293952
48215,McAllen,Hidalgo,TX,26.39653429572865,-98.18118747670374
48221,Granbury,Hood,TX,32.4300907427427,-97.831892046026
48231,Greenville,Hunt,TX,33.123434645,-96.08484672604855
48245,Port Arthur,Jefferson,TX,29.86819834,-94.15614879891416
48251,Cleburne,Johnson,TX,32.37935368228651,-97.365538645
48255,Karnes City,Karnes,TX,28.9089957,-97.8522048
48257,Terrell,Kaufman,TX,32.59915373,-96.28823245
48273,Corpus Christi,Kleberg,TX,27.4350450508256,-97.6923816143984
48303,Lubbock,Lubbock,TX,33.610826423505046,-101.82021135
48309,Waco,McLennan,TX,31.5510151079678,-97.20173911699165
48323,Eagle Pass,Maverick,TX,28.736179335000003,-100.3157065
48339,Conroe,Montgomery,TX,30.299452880942,-95.50296048
48349,Corsicana,Navarro,TX,32.047844275,-96.4747802802573
48355,Corpus Christi,Nueces,TX,27.73390534,-97.56367059697904
48361,Orange,Orange,TX,30.1218443297033,-93.8940999
48367,Weatherford,Parker,TX,32.77737116,-97.80546680922336
48375,Amarillo,Potter,TX,35.39998604835485,-101.893869777557
48397,Rockwall,Rockwall,TX,32.898862480000005,-96.40997698059952
48423,Tyler,Smith,TX,32.3763014,-95.26951561601484
48439,Fort Worth,Tarrant,TX,32.77202613105685,-97.29116478100084
48453,Austin,Travis,TX,30.28710131422865,-97.73655614181564
48469,Victoria,Victoria,TX,28.79636816646135,-96.9711977
48479,Laredo,Webb,TX,27.7609021724657,-99.33631266704133
48493,Floresville,Wilson,TX,29.173883,-98.0867336
49003,Brigham City,Box Elder,UT,41.5717911111616,-113.0711796426655
49005,Logan,Cache,UT,41.7283809682961,-111.7450694
49007,Price,Carbon,UT,39.660734845,-110.58866495
49011,Bountiful,Davis,UT,41.01388745,-112.15678492805652
49013,Roosevelt,Duchesne,UT,40.29365065,-110.42777492893548
49017,Escalante,Garfield,UT,37.8431696743655,-111.447107750051
49021,Cedar City,Iron,UT,37.8843039753898,-113.2982228844065
49035,Salt Lake City,Salt Lake,UT,40.66754239,-111.9242397
49037,White Mesa,San Juan,UT,37.614159905,-109.7980259606025
49045,Tooele,Tooele,UT,40.45819268131911,-113.1275147550015
49047,Vernal,Uintah,UT,40.1258872,-109.51787745
49049,Orem,Utah,UT,40.1201936075767,-111.66924855
49053,St. George,Washington,UT,37.271427085,-113.49616332281452
49057,Ogden,Weber,UT,41.2701782226944,-111.89503519378452
50003,Bennington,Bennington,VT,43.035356835,-73.10217781597945
50007,Burlington,Chittenden,VT,44.46231786709605,-73.07528861
50021,Rutland,Rutland,VT,43.5805526206549,-73.0374896
51013,Arlington,Arlington,VA,38.87839619,-77.10082513
51041,Bensley,Chesterfield,VA,37.3785478433946,-77.585956815
51059,Annandale,Fairfax,VA,38.8295203,-77.2732524
51071,Pearisburg,Giles,VA,37.3162144639648,-80.70072920780865
51087,East Highland Park,Henrico,VA,37.48764879,-77.352490885
51107,Leesburg,Loudoun,VA,39.085909465,-77.63735401691636
51143,Chatham,Pittsylvania,VA,36.8215360357928,-79.3978186406454
51147,Farmville,Prince Edward,VA,37.224542665,-78.43693369
51153,Woodbridge,Prince William,VA,38.70200371261305,-77.47995226
51161,Vinton,Roanoke,VA,37.330792,-80.1912371
51179,Aquia Harbour,Stafford,VA,38.4218979375521,-77.4580475
51197,Fort Chiswell,Wythe,VA,36.9083659574326,-81.08102933513621
51760,Richmond,Richmond City,VA,37.531399,-77.4760085
53001,Ritzville,Adams,WA,46.99758837500001,-118.5365295
53003,Clarkston,Asotin,WA,46.1867891,-117.2152823
53005,Kennewick,Benton,WA,46.23384652,-119.51395001042248
53007,Wenatchee,Chelan,WA,47.86490577759075,-120.61903435
53009,Port Angeles,Clallam,WA,48.080214085,-123.9087022
53011,Vancouver,Clark,WA,45.77536224226655,-122.4841576
53013,Dayton,Columbia,WA,46.29525758,-117.90975355
53015,Longview,Cowlitz,WA,46.19482123911685,-122.67940135
53021,Mesa,Franklin,WA,46.53656492,-118.901294888943
53023,Pomeroy,Garfield,WA,46.4304105753132,-117.5406869856355
53025,Moses Lake,Grant,WA,47.20966433,-119.459801489165
53027,Aberdeen,Grays Harbor,WA,47.1317610021469,-123.799984818582
53031,Port Townsend,Jefferson,WA,47.777882,-123.55948565
53033,Seattle,King,WA,47.490392,-121.8202075
53035,Bremerton,Kitsap,WA,47.62649371671595,-122.661544438004
53037,Ellensburg,Kittitas,WA,47.1244355149285,-120.6783457
53039,Goldendale,Klickitat,WA,45.87199235,-120.78408385
53041,Chehalis,Lewis,WA,46.578841525909255,-122.38545715
53045,Shelton,Mason,WA,47.349658765,-123.180948
53047,Okanogan,Okanogan,WA,48.548579755,-119.7415966316445
53051,Newport,Pend Oreille,WA,48.5380843619357,-117.253136049805
53053,Tacoma,Pierce,WA,47.039063146069,-122.1324896
53057,Anacortes,Skagit,WA,48.48644398978655,-121.7740516969155
53061,Everett,Snohomish,WA,48.051245490106,-121.73169795
53063,Spokane,Spokane,WA,47.620516988418245,-117.40364385
53065,Colville,Stevens,WA,48.393796697164746,-117.85467115
53067,Lacey,Thurston,WA,46.9314154907174,-122.831743780938
53071,Walla Walla,Walla Walla,WA,46.2421769894892,-118.479524609423
53073,Bellingham,Whatcom,WA,48.83422218771,-121.77932635
53075,Colfax,Whitman,WA,46.903590285,-117.529242638314
53077,Yakima,Yakima,WA,46.456643670000005,-120.7395174
54003,Martinsburg,Berkeley,WV,39.45589384,-78.03273478
54009,Follansbee,Brooke,WV,40.273235205000006,-80.57763089
54011,Huntington,Cabell,WV,38.41997648486715,-82.24247818594225
54029,Weirton,Hancock,WV,40.5194119960133,-80.57202965461735
54039,Charleston,Kanawha,WV,38.3320979804344,-81.52589046
54051,Moundsville,Marshall,WV,39.857480570483006,-80.6675863705965
54061,Morgantown,Monongalia,WV,39.6319584131065,-80.05256296815111
54069,Wheeling,Ohio,WV,40.098882691453554,-80.61951424614696
54107,Parkersburg,Wood,WV,39.21145267,-81.51561475996195
55003,Ashland,Ashland,WI,46.43758982,-90.678973915
55009,Green Bay,Brown,WI,44.4632276744536,-87.99987268000001
55021,Cambria,Columbia,WI,43.46934318,-89.331955075
55025,Madison,Dane,WI,43.06744418,-89.4178523
55027,Kekoskee,Dodge,WI,43.4229384769175,-88.70464018
55029,Fish Creek,Door,WI,45.021869615,-87.17990039
55035,Eau Claire,Eau Claire,WI,44.72656374156795,-91.286331195
55039,Fond du Lac,Fond du Lac,WI,43.7541654379643,-88.491054405
55041,Crandon,Forest,WI,45.667204425,-88.77199560730485
55043,Cassville,Grant,WI,42.868863955,-90.70015529
55053,Black River Falls,Jackson,WI,44.3219366826226,-90.8022545563074
55055,Jefferson,Jefferson,WI,43.017216765,-88.77471659
55059,Kenosha,Kenosha,WI,42.58129835883325,-87.95919971673625
55061,Kewaunee,Kewaunee,WI,44.561025725,-87.53156523499999
55063,La Crosse,La Crosse,WI,43.9073499,-91.113394778409
55071,Manitowoc,Manitowoc,WI,44.1380481445776,-87.69341879000001
55073,Brokaw,Marathon,WI,44.8980363,-89.75825130999999
55079,Milwaukee,Milwaukee,WI,42.95983999,-87.91463031153195
55081,Tomah,Monroe,WI,43.9455810415551,-90.61899837629043
55087,Appleton,Outagamie,WI,44.417120608047696,-88.46500412884215
55089,Port Washington,Ozaukee,WI,43.44288796948869,-87.899478485
55101,Racine,Racine,WI,42.76392361656625,-87.91622354500001
55105,Beloit,Rock,WI,42.67049431,-89.07335424769005
55111,Rock Springs,Sauk,WI,43.42744005382375,-89.9456877313591
55117,Sheboygan,Sheboygan,WI,43.731240097738194,-87.83842399257969
55125,Manitowish Waters,Vilas,WI,46.05133815549155,-89.5079786480216
55127,Delavan,Walworth,WI,42.668277855,-88.5417306
55133,Waukesha,Waukesha,WI,43.01829957653765,-88.304286485
56001,Laramie,Albany,WY,41.659982532538805,-105.72266103265348
56003,Lovell,Big Horn,WY,44.525704965,-107.9948477
56005,Wright,Campbell,WY,44.220184135,-105.5325322
56007,Sinclair,Carbon,WY,41.69918458549995,-106.9318163
56009,Douglas,Converse,WY,42.9784131065668,-105.5161004
56013,Riverton,Fremont,WY,43.0477367013512,-108.61908
56019,Kaycee,Johnson,WY,44.0418566798759,-106.5866803597495
56021,Cheyenne,Laramie,WY,41.2999100930538,-104.674783306202
56023,Diamondville,Lincoln,WY,42.24696723207785,-110.669607753995
56025,Casper,Natrona,WY,42.97004171006425,-106.7833240954035
56029,Cody,Park,WY,44.51951689467825,-109.58801858871352
56031,Wheatland,Platte,WY,42.1315927,-104.9539626
56033,Sheridan,Sheridan,WY,44.78568653,-106.88060547899
56035,Pinedale,Sublette,WY,42.76745169,-109.915506227044
56037,Green River,Sweetwater,WY,41.660044850000006,-108.8775292
56039,Jackson,Teton,WY,43.99249889,-110.507972438842
56041,Evanston,Uinta,WY,41.286111065,-110.55324091393852
56045,Newcastle,Weston,WY,43.84326244,-104.56888009866152
