Disease,Median_AQI,Predicted_Disease_Rate,CI_Lower,CI_Upper
COPD,1.0,6.090341556027119,5.956128655740889,6.224554456313349
COPD,3.2653061224489797,6.105498745794513,5.9785344529563575,6.232463038632669
COPD,5.530612244897959,6.120655935561906,6.000877935401705,6.240433935722107
COPD,7.795918367346939,6.1358131253293005,6.023147178376845,6.248479072281756
COPD,10.061224489795919,6.150970315096695,6.045327187081462,6.256613443111927
COPD,12.326530612244898,6.166127504864088,6.0673989172877185,6.264856092440457
COPD,14.591836734693878,6.181284694631482,6.089337937610697,6.273231451652267
COPD,16.857142857142858,6.196441884398876,6.111112599494534,6.281771169303218
COPD,19.122448979591837,6.211599074166269,6.132681546254113,6.290516602078426
COPD,21.387755102040817,6.226756263933663,6.153990377866919,6.299522150000407
COPD,23.653061224489797,6.241913453701057,6.174967350362452,6.308859557039663
COPD,25.918367346938776,6.257070643468451,6.195518259735562,6.3186230272013395
COPD,28.183673469387756,6.272227833235845,6.215521398433337,6.328934268038353
COPD,30.448979591836736,6.287385023003238,6.234825036638573,6.339945009367903
COPD,32.714285714285715,6.302542212770632,6.253252323349685,6.35183210219158
COPD,34.9795918367347,6.317699402538026,6.270620289914302,6.36477851516175
COPD,37.244897959183675,6.332856592305419,6.286776215727337,6.378936968883502
COPD,39.51020408163265,6.3480137820728135,6.301641721739557,6.39438584240607
COPD,41.775510204081634,6.363170971840207,6.31524036087647,6.411101582803943
COPD,44.04081632653062,6.378328161607601,6.327688971556855,6.428967351658347
COPD,46.30612244897959,6.393485351374995,6.339159296074921,6.447811406675069
COPD,48.57142857142857,6.408642541142388,6.34983504490449,6.467450037380287
COPD,50.83673469387755,6.423799730909782,6.359883132463786,6.487716329355779
COPD,53.102040816326536,6.438956920677176,6.369441813586159,6.508472027768194
COPD,55.36734693877551,6.45411411044457,6.378619890237474,6.529608330651665
COPD,57.63265306122449,6.469271300211964,6.387500810001182,6.551041790422746
COPD,59.89795918367347,6.484428489979358,6.396147928881354,6.572709051077362
COPD,62.163265306122454,6.499585679746751,6.4046093117382945,6.594562047755208
COPD,64.42857142857143,6.514742869514145,6.412921594201911,6.61656414482638
COPD,66.6938775510204,6.529900059281539,6.4211129169062815,6.638687201656797
COPD,68.9591836734694,6.5450572490489325,6.429205096716868,6.660909401380997
COPD,71.22448979591837,6.560214438816327,6.4372152165927625,6.683213661039891
COPD,73.48979591836735,6.575371628583721,6.445156787843257,6.705586469324184
COPD,75.75510204081633,6.590528818351114,6.4530406026947915,6.728017034007436
COPD,78.0204081632653,6.605686008118507,6.46087536364274,6.750496652594275
COPD,80.28571428571429,6.620843197885901,6.468668151717196,6.773018244054606
COPD,82.55102040816327,6.636000387653295,6.476424777946672,6.795575997359919
COPD,84.81632653061224,6.651157577420689,6.484150049554828,6.818165105286549
COPD,87.08163265306123,6.666314767188083,6.491847973418253,6.840781560957913
COPD,89.34693877551021,6.681471956955477,6.49952191296918,6.863422000941774
COPD,91.61224489795919,6.69662914672287,6.507174710251356,6.886083583194384
COPD,93.87755102040816,6.711786336490264,6.514808781665622,6.908763891314906
COPD,96.14285714285714,6.726943526257658,6.522426193680482,6.931460858834835
COPD,98.40816326530613,6.7421007160250515,6.530028723159174,6.954172708890929
COPD,100.6734693877551,6.757257905792446,6.537617905779791,6.9768979058051
COPD,102.93877551020408,6.77241509555984,6.54519507516805,6.999635115951629
COPD,105.20408163265307,6.787572285327233,6.552761394732345,7.022383175922121
COPD,107.46938775510205,6.802729475094627,6.560317883723842,7.045141066465412
COPD,109.73469387755102,6.817886664862021,6.56786543869572,7.067907891028322
COPD,112.0,6.833043854629414,6.575404851273327,7.0906828579855015
Current Asthma,1.0,9.994125920174794,9.738828330259024,10.249423510090564
Current Asthma,3.4693877551020407,9.99734544456155,9.756463673142111,10.238227215980988
Current Asthma,5.938775510204081,10.000564968948305,9.773932947996586,10.227196989900024
Current Asthma,8.408163265306122,10.003784493335061,9.791202756649422,10.2163662300207
Current Asthma,10.877551020408163,10.007004017721817,9.808230796796481,10.205777238647153
Current Asthma,13.346938775510203,10.010223542108573,9.82496299942635,10.195484084790795
Current Asthma,15.816326530612244,10.013443066495329,9.841329671531666,10.185556461458992
Current Asthma,18.285714285714285,10.016662590882085,9.857240354321267,10.176084827442903
Current Asthma,20.755102040816325,10.01988211526884,9.872577142415523,10.167187088122159
Current Asthma,23.224489795918366,10.023101639655597,9.887186455523327,10.159016823787866
Current Asthma,25.693877551020407,10.026321164042352,9.900869993217889,10.151772334866816
Current Asthma,28.163265306122447,10.029540688429108,9.913377303587424,10.145704073270792
Current Asthma,30.632653061224488,10.032760212815864,9.924405497054833,10.141114928576895
Current Asthma,33.10204081632653,10.03597973720262,9.933615516839454,10.138343957565786
Current Asthma,35.57142857142857,10.039199261589376,9.940675155267156,10.137723367911596
Current Asthma,38.04081632653061,10.042418785976132,9.945328919482488,10.139508652469775
Current Asthma,40.51020408163265,10.045638310362888,9.947471301861846,10.14380531886393
Current Asthma,42.97959183673469,10.048857834749644,9.947182087034362,10.150533582464925
Current Asthma,45.44897959183673,10.0520773591364,9.944699379447787,10.159455338825012
Current Asthma,47.91836734693877,10.055296883523155,9.940349155821895,10.170244611224415
Current Asthma,50.38775510204081,10.058516407909911,9.93447284129525,10.182559974524573
Current Asthma,52.857142857142854,10.061735932296667,9.927380026336351,10.196091838256983
Current Asthma,55.326530612244895,10.064955456683423,9.919328916356886,10.21058199700996
Current Asthma,57.795918367346935,10.068174981070179,9.910524907293905,10.225825054846453
Current Asthma,60.265306122448976,10.071394505456935,9.901127424055446,10.241661586858424
Current Asthma,62.73469387755102,10.07461402984369,9.891258939951358,10.257969119736023
Current Asthma,65.20408163265306,10.077833554230446,9.881013393416067,10.274653715044826
Current Asthma,67.67346938775509,10.081053078617202,9.870463099867738,10.291643057366667
Current Asthma,70.14285714285714,10.084272603003958,9.859664100650354,10.308881105357562
Current Asthma,72.61224489795919,10.087492127390714,9.84866018597063,10.326324068810798
Current Asthma,75.08163265306122,10.09071165177747,9.837485883166588,10.343937420388352
Current Asthma,77.55102040816325,10.093931176164226,9.826168668953477,10.361693683374975
Current Asthma,80.0204081632653,10.097150700550982,9.81473061029512,10.379570790806843
Current Asthma,82.48979591836735,10.100370224937738,9.803189587571168,10.397550862304307
Current Asthma,84.95918367346938,10.103589749324493,9.791560212574847,10.41561928607414
Current Asthma,87.42857142857142,10.10680927371125,9.77985452284207,10.433764024580428
Current Asthma,89.89795918367346,10.110028798098005,9.768082511145241,10.451975085050769
Current Asthma,92.36734693877551,10.113248322484761,9.756252532679381,10.47024411229014
Current Asthma,94.83673469387755,10.116467846871517,9.74437162080912,10.488564072933913
Current Asthma,97.30612244897958,10.119687371258273,9.73244573391265,10.506929008603896
Current Asthma,99.77551020408163,10.122906895645029,9.720479949887803,10.525333841402254
Current Asthma,102.24489795918367,10.126126420031785,9.708478620585906,10.543774219477664
Current Asthma,104.71428571428571,10.12934594441854,9.696445495324744,10.562246393512337
Current Asthma,107.18367346938774,10.132565468805296,9.68438382036087,10.580747117249723
Current Asthma,109.65306122448979,10.135784993192052,9.672296419533275,10.59927356685083
Current Asthma,112.12244897959184,10.139004517578808,9.660185760056448,10.617823275101168
Current Asthma,114.59183673469387,10.142224041965564,9.648054006520885,10.636394077410243
Current Asthma,117.0612244897959,10.14544356635232,9.635903065468765,10.654984067235874
Current Asthma,119.53061224489795,10.148663090739078,9.623734622390238,10.673591559087917
Current Asthma,122.0,10.151882615125833,9.611550172588295,10.692215057663372
